Area me,POP ESTIMATE 2018,Housing units,Area in sq mi Land,Density per square mile of land area - Population,Density per square mile of land area - Housing units,Total Male,Total Female,Total age 0 to 17,Male age 0 to 17,Female age 0 to 17,Total age 18 to 64,Male age 18 to 64,Female age 18 to 64,Total age 65plus,Male age 5plus,Female age 65plus,Total age 85plus,Male age 85plus,Female age 85plus,Total Households,Total Households Family,Total Households Family w biological minors,Total Households Family Married couple,Total Households Family Married Couple Biological minor,Total Households Family Male Householder no wife present,Household BY TYPE,Total Households Family Female Householder no husband present,Total Households Family Female Householder no husband biological minor,Total Household NonFam Household,Total Household NonFam Household Householder alone,Total Household NonFam Household Householder alone 65plus,Total Household Household w multiple minors,Total Household Household w multi 65plus,Total Pop in Household,Pop in Household Number of Householders living in household,Pop in Household Number of Spouses,Pop in Household Number of Children,Pop in Household Number of Other relatives,Pop in Household Number of Nonrelatives,Pop in Household Number of Nonrelatives or Unmarried partner,Males 15plus,Males 15plus never married,Males 15plus Now married except separated,Males 15plus Separated,Males 15plus Widowed,Males 15plus Divorced,Females 15plus,Females 15plus Never married,Females 15plus Now married except separated,Females 15plus Separated,Females 15plus Widowed,Females 15plus Divorced,WA MALE,WA FEMALE,BA MALE,BA FEMALE,IA MALE,IA FEMALE,AA MALE,AA FEMALE,NA MALE,NA FEMALE,TOM MALE,TOM FEMALE,WAC MALE,WAC FEMALE,BAC MALE,BAC FEMALE,IAC MALE,IAC FEMALE,AAC MALE,AAC FEMALE,C MALE,C FEMALE,NH MALE,NH FEMALE,NHWA MALE,NHWA FEMALE,NHBA MALE,NHBA FEMALE,NHIA MALE,NHIA FEMALE,NHAA MALE,NHAA FEMALE,NH MALE,NH FEMALE,NHTOM MALE,NHTOM FEMALE,NHWAC MALE,NHWAC FEMALE,NHBAC MALE,NHBAC FEMALE,NHIAC MALE,NHIAC FEMALE,NHAAC MALE,NHAAC FEMALE,NHC MALE,NHC FEMALE,H MALE,H FEMALE,HWA MALE,HWA FEMALE,HBA MALE,HBA FEMALE,HIA MALE,HIA FEMALE,HAA MALE,HAA FEMALE,H MALE,H FEMALE,HTOM MALE,HTOM FEMALE,HWAC MALE,HWAC FEMALE,HBAC MALE,HBAC FEMALE,HIAC MALE,HIAC FEMALE,HAAC MALE,HAAC FEMALE,HC MALE,HC FEMALE,Age restricted housing,Liscensed Adult Daycare Facilities,Liscensed Adult Daycare Beds,Total Lisenced Nursing Home Facilities,Total Nursing Home Beds,Tobacco Permits,Alcohol Liscenses,Liscensed Barbers,Lisensed Cosmetologists,Total Prisons,Religious adherents 2010,Congregations 2010,Congregations Per 10K People
Florida,21299325,8989580,53624.76,350.6,167.6,10411777,10887548,4229081,2158935,2070146,12712173,6287598,6424575,4358071,1965244,2392827,571419,227285,344134,7584639,4872594,1735094,3529081,1116635,375597,152178,967916,466281,2712045,2202532,997276,1979681,2816301,20286035,7584639,3526515,5808960,1950431,1415490,502579,8321917,2968253,3993894,145850,269863,944057,8927424,2575360,3911787,215396,903635,1321246,8089081,8383044,1734958,1865163,55652,51332,291684,340053,12395,11958,228007,235998,8287297,8586574,1865993,2001502,108648,107397,367429,419320,28314,28551,7665724,8071184,5588591,5810579,1590359,1719027,26749,26940,279516,327485,6708,6867,173801,180286,5737174,5963154,1685598,1818217,65355,68369,343382,394428,19550,20395,2746053,2816364,2500490,2572465,144599,146136,28903,24392,12168,12568,5687,5091,54206,55712,2550123,2623420,180395,183285,43293,39028,24047,24892,8764,8156,4389,363,19749,691,85220,27632,50493,32763,319834,308,7357588,15611,8.303144834
District 1,773527,339002,3636,213,93,388660,384867,165642,84577,81065,478226,245165,233061,129659,58918,70741,13548,5176,8372,291051,192861,70907,144179,47876,15048,6378,33634,16653,98190,76421,30337,81304,91725,742338,291051,144151,207251,52065,47820,19596,315785,104654,156534,5434,9314,39849,317479,80678,153081,7865,26621,49234,305968,299790,55694,54305,3387,3105,9188,13160,715,749,13708,13758,318306,312126,61461,60118,7165,6962,14953,18983,1569,1588,360628,359664,282870,278959,53639,52564,2718,2582,8751,12718,551,598,12099,12243,293756,289925,58636,57612,5910,5932,14091,18147,1302,1338,28032,25203,23098,20831,2055,1741,669,523,437,442,164,151,1609,1515,24550,22201,2825,2506,1255,1030,862,836,267,250,3,3,90,28,3289,1889,3438,2151,21271,24,438983,990,53
District 2,426961,186091,4801,89,39,208808,218153,81702,41645,40057,280996,138366,142630,64263,28797,35466,6632,2391,4241,113390,61334,25544,41661,15488,4861,2026,14812,8030,52056,38160,10333,28245,27368,278125,113390,41568,73376,13076,36715,6588,115510,57539,43017,1151,2635,11168,131518,59632,47511,2511,6913,14951,133793,135198,63655,71076,1042,955,5849,6087,173,151,4296,4686,137545,139280,66019,73641,2194,2255,7131,7514,391,398,194321,204558,121449,123881,62452,69784,721,683,5716,5956,101,90,3882,4164,124829,127497,64568,72038,1754,1830,6919,7276,294,299,14487,13595,12344,11317,1203,1292,321,272,133,131,72,61,414,522,12716,11783,1451,1603,440,425,212,238,97,99,3,3,134,11,1383,1270,2659,1295,15499,28,186427,603,166
District 3,172965,74706,3944,44,19,91421,81544,35726,18247,17479,102760,56938,45822,34479,16236,18243,3880,1492,2388,25678,15657,5761,10747,3818,1922,758,2988,1185,10021,8605,3295,7405,8571,65747,25678,10938,17205,7805,4121,1735,29179,9899,12496,943,1686,4155,28287,6875,12344,797,3451,4820,69334,64643,19208,13976,653,535,572,778,61,59,1593,1553,70797,66094,20064,14761,1223,1107,810,1031,156,139,84023,75842,62887,59631,18769,13672,414,395,539,730,35,44,1379,1370,64161,60911,19489,14361,916,899,750,959,112,108,7398,5702,6447,5012,439,304,239,140,33,48,26,15,214,183,6636,5183,575,400,307,208,60,72,44,31,4,1,12,26,2752,300,433,133,1945,26,72688,364,138
District 4,1252085,498973,2015,621,248,609248,642837,281828,143984,137844,783628,383112,400516,186629,82152,104477,19743,6668,13075,475820,311401,133448,209429,80802,25765,11458,76207,41188,164419,137687,49043,148991,132378,1228608,475820,208636,366297,97097,80758,33002,488325,184308,231491,7439,13249,51838,525647,156481,229048,13128,44712,82278,410463,419198,151021,171296,3008,2942,25997,29852,826,748,17933,18801,426287,435712,160431,181164,6851,7121,33130,37405,1955,1965,547672,581918,360159,369622,144492,164875,2095,2068,25167,29007,574,517,15185,15829,373472,383400,152216,172930,5160,5408,31604,35796,1526,1544,61576,60919,50304,49576,6529,6421,913,874,830,845,252,231,2748,2972,52815,52312,8215,8234,1691,1713,1526,1609,429,421,9,13,479,43,5553,328,590,271,3690,11,597521,1138,32
District 5,1184020,524602,4124,287,127,573040,610980,201285,102415,98870,603185,293500,309685,379550,177125,202425,41163,17948,23215,481117,316439,82319,246192,50861,20793,8249,49454,23209,164678,141759,84780,98214,250880,1156308,481117,246508,278006,87981,62696,28466,488350,132858,263847,8202,22626,60817,530930,107448,267597,8699,70620,76566,492025,526507,56849,57713,3233,2893,9168,11848,587,702,11178,11317,502007,536535,62905,63776,6822,6645,11740,14554,1279,1367,497164,537284,425300,461125,51823,53202,1929,1840,8732,11435,349,412,9031,9270,433306,469283,56618,58074,4815,4923,10997,13813,885,943,75876,73696,66725,65382,5026,4511,1304,1053,436,413,238,290,2147,2047,68701,67252,6287,5702,2007,1722,743,741,394,424,240,10,392,36,4583,812,1603,708,8269,25,342104,1043,50
District 6,1514910,732562,1021,1484,718,730234,784676,267323,136268,131055,883841,430548,453293,363746,163418,200328,51541,19830,31711,611020,353546,115340,260239,72260,23193,9658,70114,33422,257474,210756,104964,133233,247479,1486976,611020,260311,387145,119242,109258,46343,617673,207935,285475,10032,27263,86968,676753,176340,283493,12453,86604,117863,618593,661611,68320,74366,3247,3110,22419,27194,843,857,16812,17538,634067,677669,76941,83438,7452,7594,28112,33149,1616,1666,639998,692108,538729,579727,63169,68921,1845,1850,21720,26427,550,590,13985,14593,551534,592989,70111,76205,5167,5430,26823,31752,1204,1287,90236,92568,79864,81884,5151,5445,1402,1260,699,767,293,267,2827,2945,82533,84680,6830,7233,2285,2164,1289,1397,412,379,775,30,1433,81,9409,1897,3679,2228,23369,13,431523,891,13
District 7,547538,254226,1101,449,231,267217,280321,96836,49477,47359,316969,156625,160344,133733,61115,72618,16979,6658,10321,218423,131946,41611,98799,26756,11237,5096,21910,9759,86477,69838,33216,46591,88636,538003,218423,98655,138829,40911,41185,15840,226714,76640,108619,1837,10561,29057,240868,58338,107519,5730,28833,40448,224745,234635,29929,32412,1302,1290,5145,5843,237,191,5859,5950,230150,240094,33239,35769,3004,3089,6734,7428,514,450,227528,240463,189931,199797,27242,29517,760,773,4895,5544,136,99,4564,4733,194117,204109,29734,32105,2029,2165,6253,6912,355,298,39689,39858,34814,34838,2687,2895,542,517,250,299,101,92,1295,1217,36033,35985,3505,3664,975,924,481,516,159,152,78,3,100,25,3061,773,1516,710,8051,9,172437,425,9
District 8,400009,165402,3466,115,48,199618,200391,75253,38276,36977,261889,132951,128938,62867,28391,34476,7117,2635,4482,97782,49488,19029,37146,12759,3188,1498,9154,4772,48294,38342,10191,21155,24872,255105,97782,37251,71845,18779,29448,4718,110281,58211,41274,1000,1945,7851,118472,55609,42671,1309,6680,12203,147511,149154,37264,36076,848,888,8736,9054,175,129,5084,5090,152154,153757,39983,38848,1991,2002,10496,10800,395,392,181907,182953,132063,133798,36084,35094,582,635,8591,8848,110,88,4477,4490,136156,137860,38395,37450,1552,1594,10240,10484,296,309,17711,17438,15448,15356,1180,982,266,253,145,206,65,41,607,600,15998,15897,1588,1398,439,408,256,316,99,83,5,1,35,14,1618,781,1526,1023,7752,26,152107,527,97
District 9,1380645,487839,903,1269,540,677345,703300,305917,156078,149839,909908,449158,460750,164820,72109,92711,19063,6785,12278,458157,298508,128670,209358,83018,26228,10022,62922,35630,159649,118427,33703,143617,110232,1348468,458157,209280,413768,145807,121456,34598,547119,230391,241504,9918,8528,56778,578840,214161,234618,16701,39033,74327,466308,474063,150500,162923,3973,3859,36514,42244,1512,1260,18538,18951,481795,489759,161940,174711,7786,7816,43021,48975,2936,2698,457646,476635,273628,275110,133895,145485,1402,1503,35101,40688,869,700,12751,13149,283885,285557,141392,153279,3704,3953,40277,46069,1976,1866,219699,226665,192680,198953,16605,17438,2571,2356,1413,1556,643,560,5787,5802,197910,204202,20548,21432,4082,3863,2744,2906,960,832,42,8,289,40,4962,1572,3219,2500,23824,15,482253,824,7
District 10,840678,346322,3452,244,100,412820,427858,181598,92994,88604,474184,234304,239880,184896,85522,99374,22106,9493,12613,281744,194073,67128,139126,40923,15909,8022,39038,18183,87671,70217,39410,78451,118533,799378,281744,139219,231661,87430,59324,21381,324952,111659,158124,6239,14205,34725,344118,98217,149744,9178,40810,46169,331096,341810,61943,65310,2988,2756,7092,8597,474,437,9227,8948,339506,349889,67730,70897,5454,5198,9079,10580,983,950,309857,329672,239058,253941,56137,59392,1203,1271,6676,8224,209,219,6574,6625,244937,259811,60144,63412,2856,2996,8276,9857,612,643,102963,98186,92038,87869,5806,5918,1785,1485,416,373,265,218,2653,2323,94569,90078,7586,7485,2598,2202,803,723,371,307,245,4,255,31,3748,1021,1626,1480,10167,14,292836,872,46
District 11,2761581,989435,1898,1316,521,1340718,1420863,558250,283994,274256,1755219,870416,884803,448112,186308,261804,64317,22311,42006,895801,622526,243834,394815,154216,60883,19513,166828,70105,273275,219017,84484,286598,294464,2716712,895801,394147,867387,390839,168538,56817,1103342,437669,499803,24341,26631,114898,1193197,396522,460943,46896,108875,179961,1059558,1117543,238595,257042,4002,3705,21505,24263,642,646,16416,17664,1072424,1131251,249511,268921,6835,6811,27222,30458,2453,2612,421228,433223,184947,174845,205629,224616,1104,1179,19918,22563,311,266,9319,9754,191570,181604,211500,230836,2559,2743,23840,26733,1623,1686,919490,987640,874611,942698,32966,32426,2898,2526,1587,1700,331,380,7097,7910,880854,949647,38011,38085,4276,4068,3382,3725,830,926,68,167,9299,53,8225,235,522,148,2326,0,992522,1437,6
District 12,859062,415693,1936,444,215,415219,443843,139836,71411,68425,446227,217895,228332,272999,125913,147086,39892,17105,22787,334535,211580,53324,170617,34415,11427,5626,29536,13283,122955,101113,62780,60229,172949,811908,334535,169947,187835,62552,57039,23628,337849,91828,185951,4951,13699,41420,374694,72985,184516,6033,47582,63578,368466,393873,29842,31375,1936,1836,7577,9205,367,330,7031,7224,374953,400471,33661,35267,3761,3809,9518,11157,731,722,354292,386896,312864,341812,27442,29117,806,862,7159,8893,190,171,5831,6041,318225,347315,30514,32263,2299,2514,8890,10656,500,494,60927,56947,55602,52061,2400,2258,1130,974,418,312,177,159,1200,1183,56728,53156,3147,3004,1462,1295,628,501,231,228,314,3,212,40,4497,5286,8146,5462,53242,12,205910,435,31
District 13,1436888,536092,1020,1205,526,702940,733948,323986,166454,157532,907587,445925,461662,205315,90561,114754,23732,8703,15029,540142,342998,145263,241201,93421,28764,12363,73033,39479,197144,156188,51156,165378,144245,1416060,540142,241195,408210,126843,99670,37904,563991,207477,271762,12084,13937,58731,602748,191788,267063,14569,47920,81408,527373,539956,120957,135444,3728,3815,30268,33378,875,1004,19739,20351,544995,558033,132878,147782,7819,8164,36704,40081,2005,2148,494205,522569,341292,351929,107277,121290,1552,1698,29294,32393,455,539,14335,14720,353849,364728,115562,129820,4246,4580,34603,37925,1325,1421,208735,211379,186081,188027,13680,14154,2176,2117,974,985,420,465,5404,5631,191146,193305,17316,17962,3573,3584,2101,2156,680,727,252,17,1065,32,4094,138,234,181,1192,9,488899,1005,8
District 14,308700,155199,3869,80,40,159653,149047,63039,32164,30875,190207,102070,88137,55454,25419,30035,6372,2581,3791,73856,49233,19206,35562,12564,3914,1220,9757,5422,24623,20726,8137,20917,22341,183074,73856,35634,51444,13408,8732,3437,74951,23736,37497,1518,2709,9491,76870,17168,36986,1690,9664,11362,126082,120960,25280,19026,1450,1351,2136,2924,307,277,4398,4509,130052,125053,27343,21124,2876,2810,3456,4290,568,553,149555,141214,117588,114557,24590,18491,1142,1100,2041,2833,209,202,3985,4031,121183,118215,26418,20345,2427,2380,3272,4102,447,448,10098,7833,8494,6403,690,535,308,251,95,91,98,75,413,478,8869,6838,925,779,449,430,184,188,121,105,1,0,0,18,2295,2350,3946,3601,26772,27,125771,558,151
District 15,1485941,664594,1970,670,337,720762,765179,283456,144656,138800,847219,418617,428602,355266,157489,197777,63211,26555,36656,552286,337212,113133,251759,75414,24236,10030,61217,27689,215074,178061,100477,127106,236637,1464853,552286,252008,420578,135380,104601,35129,600838,219805,286087,9833,21510,63603,651665,191710,282319,13005,75454,89177,541173,570919,140045,152717,4986,3729,20352,23199,857,766,13349,13849,552162,582183,148170,161202,7719,6656,25021,28085,2126,2078,550036,595335,387015,416621,131987,144322,1209,1201,19591,22469,338,339,9896,10383,394842,424706,137834,150486,3051,3222,23444,26533,1415,1474,170726,169844,154158,154298,8058,8395,3777,2528,761,730,519,427,3453,3466,157320,157477,10336,10716,4668,3434,1577,1552,711,604,892,30,1919,45,5313,1628,3335,1974,25414,9,483715,775,6
District 16,75027,52764,983,74,54,39005,36022,11361,5769,5592,46400,24238,22162,17266,8998,8268,1723,797,926,31362,18944,6277,14074,3134,2085,1538,2785,1605,12418,8749,3543,6671,11278,73083,31362,14259,14982,4605,7875,3656,33852,10512,15936,474,1263,5667,31724,7237,16424,424,2982,4657,34756,32231,2807,2342,198,190,478,592,49,28,717,639,35424,32805,3088,2619,467,426,660,752,87,69,29352,26957,25669,23666,2499,2102,130,130,453,565,39,19,562,475,26190,24092,2706,2287,343,307,613,699,65,50,9653,9065,9087,8565,308,240,68,60,25,27,10,9,155,164,9234,8713,382,332,124,119,47,53,22,19,6,2,220,2,240,386,795,94,1312,4,24391,81,11
District 17,1951260,810388,1210,1445,670,950568,1000692,412789,209292,203497,1214158,598453,615705,324313,142823,181490,46114,16928,29186,694980,439980,169424,299258,107904,38400,14425,102322,47095,255000,209779,81792,191695,220200,1933847,694980,299026,604660,214718,120463,45128,777360,302419,352934,15797,20404,85806,831898,266862,339239,23433,70847,131517,612588,621007,275540,311642,4085,3825,35758,40093,1175,1213,21422,22912,628985,638284,290323,327587,7708,7776,43976,49020,3376,3578,661966,695561,350588,344119,259255,293834,1854,1928,34415,38493,581,662,15273,16525,361525,355741,269488,305020,4161,4542,41000,45750,2415,2666,288602,305131,262000,276888,16285,17808,2231,1897,1343,1600,594,551,6149,6387,267460,282543,20835,22567,3547,3234,2976,3270,961,912,849,26,1538,47,5831,2463,4511,3386,35361,10,641572,1040,6
District 18,596849,269864,1016,535,266,291903,304946,108913,55942,52971,346591,171221,175370,141345,64740,76605,18607,7464,11143,226363,140955,40162,108673,27327,9197,3358,23085,9477,85408,72592,35729,46196,94801,589830,226363,109144,168917,48328,37078,12280,244712,83878,116686,5223,9456,29469,262303,67148,119316,4142,30753,40944,244335,252508,30591,33425,1371,1387,6988,8771,405,393,8213,8462,251812,260168,34890,37862,3309,3438,10007,11878,884,903,260578,272310,217551,224536,28363,31095,943,939,6722,8490,211,222,6788,7028,223691,230868,31790,34671,2463,2575,9402,11260,609,637,31325,32636,26784,27972,2228,2330,428,448,266,281,194,171,1425,1434,28121,29300,3100,3191,846,863,605,618,275,266,67,8,491,17,2317,771,1502,791,8383,5,189430,414,8
District 19,680990,310015,2387,285,130,334203,346787,123745,63965,59780,369815,183395,186420,187430,86843,100587,26367,11418,14949,239474,154449,46717,120461,31464,7577,2841,26411,12412,85025,69907,39628,55523,115495,631208,239474,120324,176842,52184,42384,13632,262657,83184,134992,3593,11271,29617,281634,67581,130452,6466,37998,39137,272500,283225,47356,47988,2491,2152,5134,6512,403,366,6319,6544,278012,288859,51102,51880,4128,3952,6788,8234,860,838,274480,290764,219056,233000,44505,45297,865,859,4825,6247,189,197,5040,5164,223375,237355,47432,48267,2126,2264,6255,7741,571,594,59723,56023,53444,50225,2851,2691,1626,1293,309,265,214,169,1279,1380,54637,51504,3670,3613,2002,1688,533,493,289,244,142,6,358,20,2410,931,1489,1269,9360,16,305885,585,38
District 20,378488,197298,1998,161,99,186769,191719,64794,33275,31519,191759,95722,96037,121935,57772,64163,17249,8200,9049,144172,97654,27833,80401,17270,5273,2774,11980,7789,46518,40226,24323,30927,76651,374577,144172,80181,90775,33716,25733,8519,159063,43214,91234,3097,5231,16287,166518,32725,88059,1710,19641,24383,166839,171120,14127,13925,938,872,2568,3314,192,176,2105,2312,168560,173014,15246,15156,1450,1445,3280,4118,494,511,131438,140307,114328,122363,12732,12600,367,351,2337,3150,60,63,1614,1780,115613,123780,13556,13518,740,760,2925,3824,320,347,55331,51412,52511,48757,1395,1325,571,521,231,164,132,113,491,532,52947,49234,1690,1638,710,685,355,294,174,164,68,1,65,18,2065,443,1178,399,5816,3,111034,210,7
District 21,809890,392642,2743,295,143,399254,410636,145667,74770,70897,438873,216879,221994,225350,107605,117745,27162,12079,15083,281222,180020,53146,142424,36221,11853,4616,25743,12309,101202,82873,45200,58517,133342,744456,281222,142105,197027,72954,51148,19172,313900,96769,158844,4755,13214,40318,331682,81570,158266,5161,38817,47868,345827,354696,36998,38421,2937,2412,6033,7741,517,431,6942,6935,352106,360913,40944,42371,4618,4174,7911,9647,988,881,301277,317912,256226,269559,32932,34353,1378,1329,5627,7417,135,197,4979,5057,260669,274015,35645,37118,2538,2573,7161,8987,486,545,97977,92724,89601,85137,4066,4068,1559,1083,406,324,382,234,1963,1878,91437,86898,5299,5253,2080,1601,750,660,502,336,220,14,722,20,2438,442,828,459,4919,8,247470,502,32
District 22,184998,100632,680,235,148,90256,94742,22067,11433,10634,88537,43107,45430,74394,35716,38678,9602,4320,5282,74975,47734,8414,40027,5089,2625,841,5082,2484,27241,22697,15924,10355,45714,181398,74975,39901,37514,14130,14878,4275,80606,20362,44189,799,4889,10367,86203,13563,44423,2627,13370,12220,81379,85954,5908,5192,331,411,1036,1589,64,49,1538,1547,82772,87370,6703,5959,808,903,1439,2016,155,154,83461,87825,75433,79894,5444,4736,223,279,1010,1554,44,42,1307,1320,76617,81113,6094,5371,622,692,1378,1947,122,126,6795,6917,5946,6060,464,456,108,132,26,35,20,7,231,227,6155,6257,609,588,186,211,61,69,33,28,61,3,152,8,1080,207,421,205,2432,2,64078,111,7
District 23,440491,175762,1814,243,97,214643,225848,89924,45981,43943,247455,120183,127272,103112,48479,54633,11128,4575,6553,159310,110649,37040,89647,27664,6652,3285,14350,6091,48661,39877,21544,41743,67872,436220,159310,89555,129212,31126,27017,8622,176634,47458,96820,2111,6808,23437,190293,44641,97865,1858,17956,27973,185163,194252,18495,19768,968,816,5290,6232,224,197,4503,4583,189328,198464,20582,21855,2131,2007,6843,7861,478,477,195770,207014,168527,177531,17457,18740,659,583,5121,6043,156,153,3850,3964,172087,181170,19172,20468,1627,1591,6539,7540,367,399,18873,18834,16636,16721,1038,1028,309,233,169,189,68,44,653,619,17241,17294,1410,1387,504,416,304,321,111,78,12,3,91,13,1327,860,1647,838,7925,7,129776,362,35
District 24,467832,181307,309,1367,586,226010,241822,98309,49761,48548,296990,145046,151944,72533,31203,41330,9435,3373,6062,179274,121209,50622,92048,35719,8212,3996,20949,10907,58065,46177,16020,55504,49842,463418,179274,91772,131067,30037,31268,10626,184936,62917,97091,2394,3765,18769,202554,55977,99867,4474,17731,24505,179102,190196,28594,31864,1003,1046,10928,11869,274,294,6109,6553,184623,196119,32029,35585,2383,2524,13215,14297,560,600,176375,188622,135526,143200,25058,28235,476,545,10581,11551,135,160,4599,4931,139605,147570,27527,30900,1420,1574,12488,13585,351,387,49635,53200,43576,46996,3536,3629,527,501,347,318,139,134,1510,1622,45018,48549,4502,4685,963,950,727,712,209,213,10,4,228,15,1781,454,909,584,6566,1,79604,213,8
District 25,367990,128170,1327,202,97,181463,186527,89835,46107,43728,229550,113764,115786,48605,21592,27013,4736,1800,2936,102705,72198,30942,51238,20252,6355,2587,14605,8103,30507,24338,7267,35116,29796,366335,102705,50800,137127,49418,26285,7487,143338,62931,61687,2685,3064,12971,150529,54104,58423,4537,9768,23697,144104,147995,25440,25539,1547,1452,4953,5714,441,505,4978,5322,148475,152672,28810,29209,2694,2713,6183,7007,755,814,80967,83578,55907,57356,17487,17693,372,357,4534,5247,171,278,2496,2647,57980,59540,19057,19381,870,922,5342,6081,372,486,100496,102949,88197,90639,7953,7846,1175,1095,419,467,270,227,2482,2675,90495,93132,9753,9828,1824,1791,841,926,383,328,23,3,170,8,949,395,741,873,4977,4,98652,206,8
Alachua ,269956,112766,875.02,282.7,128.9,130428,139528,48541,24588,23953,183579,89172,94407,37836,16668,21168,4599,1659,2940,97782,49488,19029,37146,12759,3188,1498,9154,4772,48294,38342,10191,21155,24872,255105,97782,37251,71845,18779,29448,4718,110281,58211,41274,1000,1945,7851,118472,55609,42671,1309,6680,12203,91961,96623,25701,29874,486,485,8305,8595,121,94,3854,3857,95462,100086,27796,32004,1147,1136,9887,10173,285,292,116993,125222,80205,83955,24813,29069,317,353,8193,8407,82,71,3383,3367,83280,86979,26580,30848,855,883,9683,9892,217,231,13435,14306,11756,12668,888,805,169,132,112,188,39,23,471,490,12182,13107,1216,1156,292,253,204,281,68,61,2,1,35,7,869,307,643,290,2980,6,102841,302,12
Baker ,28355,9687,585.23,46.3,16.6,14917,13438,6715,3410,3305,17625,9666,7959,4015,1841,2174,372,141,231,,,,,,,,,,,,,,,,,,,,,,,,,,,,,,,,,,11955,11578,2556,1416,62,63,91,110,5,4,248,267,12177,11823,2678,1548,175,176,123,143,17,16,14492,13107,11602,11305,2524,1393,50,52,85,107,3,2,228,248,11808,11533,2635,1512,152,161,113,137,14,13,425,331,353,273,32,23,12,11,6,3,2,2,20,19,369,290,43,36,23,15,10,6,3,3,0,0,,2,188,41,54,24,325,4,6865,36,13
Bay ,185287,99650,758.46,222.6,131.4,91929,93358,39761,20152,19609,113848,57278,56570,31678,14499,17179,3803,1572,2231,73856,49233,19206,35562,12564,3914,1220,9757,5422,24623,20726,8137,20917,22341,183074,73856,35634,51444,13408,8732,3437,74951,23736,37497,1518,2709,9491,76870,17168,36986,1690,9664,11362,75468,75916,10768,10873,778,757,1746,2477,148,150,3021,3185,78207,78798,12131,12304,1638,1702,2882,3658,319,338,85532,87329,70127,70944,10309,10470,586,579,1693,2414,107,105,2710,2817,72583,73497,11498,11710,1336,1384,2759,3516,260,269,6397,6029,5341,4972,459,403,192,178,53,63,41,45,311,368,5624,5301,633,594,302,318,123,142,59,69,1,0,,9,1029,316,622,181,2594,4,69639,205,12
Bradford ,27732,11011,293.96,97,37.5,15318,12414,5436,2783,2653,17361,10359,7002,4935,2176,2759,611,206,405,,,,,,,,,,,,,,,,,,,,,,,,,,,,,,,,,,11219,10063,3664,1897,57,81,76,91,8,7,294,275,11481,10308,3829,2059,154,165,134,136,23,27,14517,12031,10546,9761,3594,1867,44,59,71,91,6,3,256,250,10777,9983,3732,2013,130,138,122,131,19,22,801,383,673,302,70,30,13,22,5,0,2,4,38,25,704,325,97,46,24,27,12,5,4,5,0,0,,2,240,43,59,20,268,5,13176,55,19
Brevard ,596849,269864,1015.66,535,265.7,291903,304946,108913,55942,52971,346591,171221,175370,141345,64740,76605,18607,7464,11143,226363,140955,40162,108673,27327,9197,3358,23085,9477,85408,72592,35729,46196,94801,589830,226363,109144,168917,48328,37078,12280,244712,83878,116686,5223,9456,29469,262303,67148,119316,4142,30753,40944,244335,252508,30591,33425,1371,1387,6988,8771,405,393,8213,8462,251812,260168,34890,37862,3309,3438,10007,11878,884,903,260578,272310,217551,224536,28363,31095,943,939,6722,8490,211,222,6788,7028,223691,230868,31790,34671,2463,2575,9402,11260,609,637,31325,32636,26784,27972,2228,2330,428,448,266,281,194,171,1425,1434,28121,29300,3100,3191,846,863,605,618,275,266,67,8,491,17,2317,771,1502,791,8383,5,189430,414,8
Broward ,1951260,810388,1209.79,1444.9,669.9,950568,1000692,412789,209292,203497,1214158,598453,615705,324313,142823,181490,46114,16928,29186,694980,439980,169424,299258,107904,38400,14425,102322,47095,255000,209779,81792,191695,220200,1933847,694980,299026,604660,214718,120463,45128,777360,302419,352934,15797,20404,85806,831898,266862,339239,23433,70847,131517,612588,621007,275540,311642,4085,3825,35758,40093,1175,1213,21422,22912,628985,638284,290323,327587,7708,7776,43976,49020,3376,3578,661966,695561,350588,344119,259255,293834,1854,1928,34415,38493,581,662,15273,16525,361525,355741,269488,305020,4161,4542,41000,45750,2415,2666,288602,305131,262000,276888,16285,17808,2231,1897,1343,1600,594,551,6149,6387,267460,282543,20835,22567,3547,3234,2976,3270,961,912,849,26,1538,47,5831,2463,4511,3386,35361,10,641572,1040,6
Calhoun ,14587,5999,567.33,25.8,10.6,7962,6625,2924,1487,1437,9032,5250,3782,2631,1225,1406,310,118,192,,,,,,,,,,,,,,,,,,,,,,,,,,,,,,,,,,6308,5676,1310,617,96,98,57,60,15,5,176,169,6473,5830,1379,695,180,174,81,85,26,13,7413,6336,5827,5441,1291,606,75,89,49,54,7,1,164,145,5980,5572,1354,674,155,152,71,77,17,8,549,289,481,235,19,11,21,9,8,6,8,4,12,24,493,258,25,21,25,22,10,8,9,5,0,0,,2,246,21,26,9,89,3,5966,37,25
Charlotte ,184998,100632,680.28,235.2,147.9,90256,94742,22067,11433,10634,88537,43107,45430,74394,35716,38678,9602,4320,5282,74975,47734,8414,40027,5089,2625,841,5082,2484,27241,22697,15924,10355,45714,181398,74975,39901,37514,14130,14878,4275,80606,20362,44189,799,4889,10367,86203,13563,44423,2627,13370,12220,81379,85954,5908,5192,331,411,1036,1589,64,49,1538,1547,82772,87370,6703,5959,808,903,1439,2016,155,154,83461,87825,75433,79894,5444,4736,223,279,1010,1554,44,42,1307,1320,76617,81113,6094,5371,622,692,1378,1947,122,126,6795,6917,5946,6060,464,456,108,132,26,35,20,7,231,227,6155,6257,609,588,186,211,61,69,33,28,61,3,152,8,1080,207,421,205,2432,2,64078,111,7
Citrus ,147929,78026,581.7,242.8,134.1,71714,76215,22036,11203,10833,72188,34865,37323,53705,25646,28059,6272,2779,3493,62293,36112,7572,28892,4844,3329,1218,3891,1510,26181,22614,14744,8934,35944,145466,62293,28974,35135,10242,8822,3609,63382,17510,32202,634,4113,8923,66646,12802,31548,441,11579,10276,66700,70881,2380,2276,341,299,1043,1445,21,36,1229,1278,67829,72056,2935,2849,851,814,1301,1727,88,116,67242,71888,62727,67029,2164,2080,258,220,1008,1415,12,29,1073,1115,63712,68061,2633,2575,703,664,1245,1667,71,94,4472,4327,3973,3852,216,196,83,79,35,30,9,7,156,163,4117,3995,302,274,148,150,56,60,17,22,32,1,135,8,999,181,341,154,1744,2,43216,137,10
Clay ,216072,75478,604.36,315.8,124.9,106560,109512,50209,25819,24390,131759,64995,66764,34104,15746,18358,3073,1115,1958,75958,58071,25431,44705,18207,3377,1746,9989,5478,17887,15785,7567,28672,23631,214691,75958,44428,64995,18871,10439,3712,86116,24393,48005,781,3281,9656,88409,19238,49386,1219,6168,12398,86515,87648,12954,13669,613,607,3033,3817,167,177,3278,3594,89487,90922,14470,15354,1379,1453,4396,5336,376,403,95291,98446,77248,78524,11824,12644,422,436,2883,3657,115,121,2799,3064,79785,81314,13066,14044,1046,1120,4122,5034,292,307,11269,11066,9267,9124,1130,1025,191,171,150,160,52,56,479,530,9702,9608,1404,1310,333,333,274,302,84,96,2,1,35,10,1140,186,323,194,2539,1,82790,152,8
Collier ,378488,197298,1998.32,160.9,98.7,186769,191719,64794,33275,31519,191759,95722,96037,121935,57772,64163,17249,8200,9049,144172,97654,27833,80401,17270,5273,2774,11980,7789,46518,40226,24323,30927,76651,374577,144172,80181,90775,33716,25733,8519,159063,43214,91234,3097,5231,16287,166518,32725,88059,1710,19641,24383,166839,171120,14127,13925,938,872,2568,3314,192,176,2105,2312,168560,173014,15246,15156,1450,1445,3280,4118,494,511,131438,140307,114328,122363,12732,12600,367,351,2337,3150,60,63,1614,1780,115613,123780,13556,13518,740,760,2925,3824,320,347,55331,51412,52511,48757,1395,1325,571,521,231,164,132,113,491,532,52947,49234,1690,1638,710,685,355,294,174,164,68,1,65,18,2065,443,1178,399,5816,3,111034,210,7
Columbia ,70503,28636,797.57,84.7,35.9,36366,34137,15312,7782,7530,41877,22405,19472,13314,6179,7135,1486,589,897,25678,15657,5761,10747,3818,1922,758,2988,1185,10021,8605,3295,7405,8571,65747,25678,10938,17205,7805,4121,1735,29179,9899,12496,943,1686,4155,28287,6875,12344,797,3451,4820,27822,27029,7256,5757,212,196,306,438,30,30,740,687,28499,27667,7676,6121,461,428,423,559,69,70,33985,32031,25773,25180,7082,5635,160,160,298,422,21,25,651,609,26372,25745,7441,5960,383,363,404,532,53,57,2381,2106,2049,1849,174,122,52,36,8,16,9,5,89,78,2127,1922,235,161,78,65,19,27,16,13,2,1,12,18,1991,116,160,43,854,6,27171,120,18
DeSoto ,37489,14590,637.06,54.7,22.9,21230,16259,7099,3711,3388,22073,13448,8625,8317,4071,4246,1068,498,570,,,,,,,,,,,,,,,,,,,,,,,,,,,,,,,,,,17673,13904,2890,1841,241,171,123,101,39,25,264,217,17913,14104,3065,1979,306,231,158,128,56,39,13432,12107,10363,10071,2721,1746,54,49,101,86,4,2,189,153,10533,10214,2839,1842,108,88,129,108,15,9,7798,4152,7310,3833,169,95,187,122,22,15,35,23,75,64,7380,3890,226,137,198,143,29,20,41,30,8,0,,0,,4768,6823,4864,46472,6,14282,57,16
Dixie ,16700,9319,705.05,23.3,13.2,9244,7456,3035,1582,1453,9716,5640,4076,3949,2022,1927,371,174,197,,,,,,,,,,,,,,,,,,,,,,,,,,,,,,,,,,7826,6769,1185,457,51,46,29,40,1,2,152,142,7972,6906,1246,512,127,113,42,60,10,7,8819,7210,7439,6565,1159,439,45,41,27,35,1,2,148,128,7582,6688,1217,489,121,101,39,54,9,6,425,246,387,204,26,18,6,5,2,5,0,0,4,14,390,218,29,23,6,12,3,6,1,1,2,0,,1,60,48,69,21,277,4,4741,28,17
Duval ,950181,388486,762.19,1133.9,509.7,460434,489747,214676,109448,105228,602022,293668,308354,133483,57318,76165,14914,4800,10114,367238,229923,99877,146559,56703,21234,9326,62130,33848,137315,114456,37797,111376,96482,928960,367238,145876,276424,72985,66437,27179,366937,149890,164439,5856,9115,37637,400810,130179,160053,10695,34887,64996,285652,292080,135507,154998,2172,2129,22576,25544,620,538,13907,14458,297808,304637,143098,162859,5010,5234,28122,31351,1501,1486,412086,441779,246245,253213,130257,149718,1511,1479,21924,24894,425,370,11724,12105,256404,263603,136475,156099,3747,3936,26911,30094,1168,1171,48348,47968,39407,38867,5250,5280,661,650,652,650,195,168,2183,2353,41404,41034,6623,6760,1263,1298,1211,1257,333,315,7,11,414,29,3871,35,41,12,134,9,480455,885,10
Escambia ,315534,136703,656.46,453.4,208.2,156179,159355,65784,33595,32189,196602,99205,97397,53148,23379,29769,6061,2202,3859,118820,70583,22825,49197,15026,5797,1254,15589,6545,48237,36838,13893,27378,38281,297754,118820,49250,82527,24940,22217,8213,127783,49748,54106,3062,5115,15752,131993,42573,52659,2983,12699,21079,109639,107827,34645,38584,1475,1363,4783,5969,294,273,5343,5339,114332,112520,37137,41065,2987,2934,6914,8115,690,641,146186,150985,101445,101067,33846,37838,1218,1188,4618,5822,240,237,4819,4833,105677,105310,36062,40051,2540,2585,6620,7844,591,565,9993,8370,8194,6760,799,746,257,175,165,147,54,36,524,506,8655,7210,1075,1014,447,349,294,271,99,76,2,1,42,14,1703,1318,2288,1763,15031,9,158284,365,12
Flagler ,112067,48595,485.46,197.1,100.1,53927,58140,18884,9673,9211,58755,27896,30859,34428,16358,18070,3697,1589,2108,41274,29721,7013,23297,4993,2749,1026,3675,994,11553,9539,5894,9465,22142,111430,41274,23348,27676,11535,7597,1999,45750,11211,24800,730,2083,6926,50888,11753,26029,471,5608,7027,45377,48703,5792,6243,237,211,1229,1689,54,48,1238,1246,46486,49811,6477,6892,554,536,1587,2073,148,157,48223,52029,40456,43393,5367,5798,170,152,1176,1612,35,34,1019,1040,41369,44315,5904,6320,432,420,1492,1956,110,124,5704,6111,4921,5310,425,445,67,59,53,77,19,14,219,206,5117,5496,573,572,122,116,95,117,38,33,3,2,70,2,240,504,820,600,4551,1,31746,70,7
Franklin ,11736,8652,534.72,21.6,16.2,6545,5191,1888,981,907,7034,4141,2893,2814,1423,1391,215,105,110,,,,,,,,,,,,,,,,,,,,,,,,,,,,,,,,,,5293,4572,1035,420,72,45,27,30,6,3,112,121,5396,4688,1112,488,104,80,36,48,9,9,6073,5006,4899,4416,1014,413,30,28,20,25,0,3,110,121,5000,4532,1089,481,62,63,29,43,3,9,472,185,394,156,21,7,42,17,7,5,6,0,2,0,396,156,23,7,42,17,7,5,6,0,0,0,,1,90,110,258,110,1732,3,4723,33,29
Gadsden ,45894,19506,516.33,89.8,37.8,21790,24104,10097,5042,5055,27600,13194,14406,8197,3554,4643,891,324,567,,,,,,,,,,,,,,,,,,,,,,,,,,,,,,,,,,9521,9594,11738,13857,140,128,109,226,28,34,254,265,9732,9826,11883,13985,233,214,140,291,60,60,19258,21813,7313,7631,11602,13696,50,57,91,206,5,7,197,216,7476,7821,11706,13797,126,125,117,261,32,29,2532,2291,2208,1963,136,161,90,71,18,20,23,27,57,49,2256,2005,177,188,107,89,23,30,28,31,0,1,50,1,120,33,80,11,125,5,20843,116,25
Gilchrist ,18256,7307,349.68,48.4,20.9,9429,8827,3703,1890,1813,10812,5868,4944,3741,1671,2070,483,154,329,,,,,,,,,,,,,,,,,,,,,,,,,,,,,,,,,,8392,8258,749,274,55,70,52,54,16,6,165,165,8547,8414,825,344,127,135,73,83,24,17,8781,8361,7819,7843,722,267,31,48,46,52,5,1,158,150,7968,7986,793,328,99,108,67,79,13,11,648,466,573,415,27,7,24,22,6,2,11,5,7,15,579,428,32,16,28,27,6,4,11,6,0,0,,2,201,81,99,126,390,3,6493,32,19
Glades ,13724,6979,806.01,16,8.7,7719,6005,2080,1057,1023,7900,4766,3134,3744,1896,1848,381,207,174,,,,,,,,,,,,,,,,,,,,,,,,,,,,,,,,,,5883,4936,1298,600,374,338,61,36,6,8,97,87,5973,5020,1340,636,420,373,74,50,12,15,6040,4782,4395,3850,1242,546,269,279,50,31,6,8,78,68,4467,3915,1274,575,308,305,61,42,11,14,1679,1223,1488,1086,56,54,105,59,11,5,0,0,19,19,1506,1105,66,61,112,68,13,8,1,1,3,0,,0,,26,36,8,163,2,3140,13,10
Gulf ,16164,9110,564.01,28.1,16.2,9461,6703,2500,1295,1205,10177,6485,3692,3487,1681,1806,337,151,186,,,,,,,,,,,,,,,,,,,,,,,,,,,,,,,,,,7165,5737,2062,693,55,52,31,46,2,2,146,173,7304,5907,2129,774,117,114,44,71,13,10,8872,6545,6629,5606,2032,688,47,41,27,43,2,1,135,166,6757,5769,2091,767,107,100,39,66,13,9,589,158,536,131,30,5,8,11,4,3,0,1,11,7,547,138,38,7,10,14,5,5,0,1,0,0,,1,120,18,30,18,69,4,6830,42,26
Hamilton ,14310,5778,513.79,28.8,11.2,8283,6027,2707,1406,1301,9028,5697,3331,2575,1180,1395,290,104,186,,,,,,,,,,,,,,,,,,,,,,,,,,,,,,,,,,5030,3978,2942,1758,78,73,45,72,3,1,185,145,5195,4111,3049,1835,139,111,69,105,18,11,7412,5496,4313,3561,2883,1714,49,46,42,58,0,0,125,117,4424,3670,2951,1777,89,74,61,85,12,7,871,531,717,417,59,44,29,27,3,14,3,1,60,28,771,441,98,58,50,37,8,20,6,4,0,0,,1,60,29,56,8,158,4,5756,40,27
Hardee ,27245,9722,637.78,43.5,15.2,14376,12869,7141,3704,3437,15572,8480,7092,4532,2192,2340,547,238,309,,,,,,,,,,,,,,,,,,,,,,,,,,,,,,,,,,12673,11422,1128,907,173,147,150,158,16,14,236,221,12886,11627,1269,1017,234,207,197,208,33,33,7840,7424,6454,6283,1012,803,48,51,133,141,12,6,181,140,6617,6413,1116,871,97,89,169,173,27,18,6536,5445,6219,5139,116,104,125,96,17,17,4,8,55,81,6269,5214,153,146,137,118,28,35,6,15,2,0,,2,104,27,33,7,109,3,14114,58,21
Hendry ,41556,14564,1152.75,34,12.6,22163,19393,10964,5820,5144,24880,13465,11415,5712,2878,2834,731,324,407,,,,,,,,,,,,,,,,,,,,,,,,,,,,,,,,,,18810,15943,2413,2597,443,402,214,192,48,35,235,224,19029,16145,2524,2696,532,479,254,245,63,53,9368,9622,6675,6646,2131,2366,265,272,168,167,11,13,118,158,6788,6789,2182,2438,311,322,185,206,20,26,12795,9771,12135,9297,282,231,178,130,46,25,37,22,117,66,12241,9356,342,258,221,157,69,39,43,27,3,0,,2,248,40,59,29,230,1,11165,59,15
Hernando ,190865,84504,472.54,365.6,178.8,91975,98890,34957,17607,17350,103496,50040,53456,52412,24328,28084,6445,2687,3758,76163,52370,15415,39287,9432,4590,2393,8493,3590,23793,20020,11544,18464,35819,188772,76163,39264,46324,15827,11194,5295,77198,22588,40557,1625,2689,9739,85074,18370,42858,2391,9708,11747,82528,88875,5572,5839,469,459,1217,1540,75,91,2114,2086,84480,90777,6719,6976,1075,1066,1681,2034,198,206,78450,85346,70635,76780,4754,5087,274,318,1143,1464,48,70,1596,1627,72103,78261,5580,5946,733,789,1537,1889,138,154,13525,13544,11893,12095,818,752,195,141,74,76,27,21,518,459,12377,12516,1139,1030,342,277,144,145,60,52,14,2,47,5,660,88,125,47,494,3,47057,120,7
Highlands ,105424,55386,1016.61,97.2,54.5,51515,53909,17970,9076,8894,50232,24932,25300,37222,17507,19715,5501,2512,2989,40573,27635,6538,21599,3619,1511,548,4525,2371,12938,11034,8079,7782,23712,103601,40573,21782,25208,9924,6114,2369,44294,10370,24963,998,3891,4072,46310,8080,23416,662,7091,7061,44120,45955,5319,5745,331,368,733,911,54,47,958,883,44995,46746,5829,6227,657,660,908,1077,113,101,39842,43643,33419,36560,4824,5295,199,242,664,861,21,24,715,661,34067,37152,5191,5649,446,455,808,994,66,67,11673,10266,10701,9395,495,450,132,126,69,50,33,23,243,222,10928,9594,638,578,211,205,100,83,47,34,64,1,60,5,598,202,345,297,2415,1,34002,138,14
Hillsborough ,1436888,536092,1020.21,1204.9,525.5,702940,733948,323986,166454,157532,907587,445925,461662,205315,90561,114754,23732,8703,15029,540142,342998,145263,241201,93421,28764,12363,73033,39479,197144,156188,51156,165378,144245,1416060,540142,241195,408210,126843,99670,37904,563991,207477,271762,12084,13937,58731,602748,191788,267063,14569,47920,81408,527373,539956,120957,135444,3728,3815,30268,33378,875,1004,19739,20351,544995,558033,132878,147782,7819,8164,36704,40081,2005,2148,494205,522569,341292,351929,107277,121290,1552,1698,29294,32393,455,539,14335,14720,353849,364728,115562,129820,4246,4580,34603,37925,1325,1421,208735,211379,186081,188027,13680,14154,2176,2117,974,985,420,465,5404,5631,191146,193305,17316,17962,3573,3584,2101,2156,680,727,252,17,1065,32,4094,138,234,181,1192,9,488899,1005,8
Holmes ,19477,8641,478.78,41.6,18,10336,9141,3938,2048,1890,11668,6529,5139,3871,1759,2112,419,170,249,,,,,,,,,,,,,,,,,,,,,,,,,,,,,,,,,,8882,8451,1057,257,102,101,55,75,16,19,224,238,9095,8677,1129,345,229,223,77,104,31,32,9990,8909,8581,8258,1042,255,87,88,51,67,13,18,216,223,8787,8469,1111,339,211,203,71,93,27,30,346,232,301,193,15,2,15,13,4,8,3,1,8,15,308,208,18,6,18,20,6,11,4,2,0,0,,1,180,1758,2802,3141,21504,3,9877,69,35
Indian River ,157413,76346,502.87,274.5,151.8,75421,81992,25219,12932,12287,80175,38662,41513,52019,23827,28192,7562,3283,4279,57636,34563,6839,29866,4884,662,202,4035,1753,23073,19735,10861,8121,31331,155771,57636,29900,41294,16462,10479,2781,64198,20682,32731,840,3739,6206,71465,19008,32069,1443,10359,8586,65444,71368,7214,7712,335,353,1233,1251,42,37,1153,1271,66495,72507,7798,8373,678,728,1509,1573,121,120,65425,72025,56255,62106,6830,7385,150,207,1182,1201,30,30,978,1096,57144,63082,7311,7940,443,536,1432,1495,94,103,9996,9967,9189,9262,384,327,185,146,51,50,12,7,175,175,9351,9425,487,433,235,192,77,78,27,17,31,2,114,6,674,34,42,13,151,1,65226,123,9
Jackson ,48305,21003,917.76,54.2,22.9,26615,21690,8961,4703,4258,29920,17686,12234,9424,4226,5198,1134,411,723,,,,,,,,,,,,,,,,,,,,,,,,,,,,,,,,,,17851,15574,7720,5252,237,186,185,180,109,33,513,465,18312,15990,8027,5528,393,332,258,244,144,68,24931,20953,16442,14998,7595,5185,187,160,161,172,70,11,476,427,16867,15378,7877,5436,335,298,229,230,104,45,1684,737,1409,576,125,67,50,26,24,8,39,22,37,38,1445,612,150,92,58,34,29,14,40,23,0,0,,4,540,206,428,229,2279,10,23692,145,29
Jefferson ,14288,6632,598.1,24.7,11.1,7491,6797,2431,1266,1165,8495,4664,3831,3362,1561,1801,370,123,247,,,,,,,,,,,,,,,,,,,,,,,,,,,,,,,,,,4742,4271,2580,2322,28,31,32,59,3,2,106,112,4838,4375,2629,2375,73,74,51,75,6,13,7173,6564,4491,4099,2540,2282,17,23,29,56,3,1,93,103,4576,4195,2581,2332,56,64,47,70,6,9,318,233,251,172,40,40,11,8,3,3,0,1,13,9,262,180,48,43,17,10,4,5,0,4,1,0,,1,97,85,111,56,547,2,9009,51,35
Lafayette ,8732,3328,543.41,16.3,6.1,4986,3746,1771,842,929,5560,3479,2081,1401,665,736,160,64,96,,,,,,,,,,,,,,,,,,,,,,,,,,,,,,,,,,3907,3418,953,226,51,20,11,15,6,4,58,63,3962,3478,987,256,66,41,21,24,8,10,4268,3220,3251,2927,929,212,19,8,10,14,2,3,57,56,3305,2980,962,239,34,28,20,21,4,8,718,526,656,491,24,14,32,12,1,1,4,1,1,7,657,498,25,17,32,13,1,3,4,2,0,0,,1,60,30,47,26,135,3,3754,20,23
Lake ,356495,144996,938.38,316.6,154.5,172515,183980,68268,34814,33454,193118,94003,99115,95109,43698,51411,11223,4694,6529,136366,94847,29229,73284,19549,4974,1570,16589,8110,41519,35119,18898,33622,62000,352677,136366,73482,98093,28798,15938,7678,143412,39484,80778,2535,4487,16128,157060,32276,79314,2561,17732,25177,144513,153321,19407,20982,1142,1023,3587,4475,290,373,3576,3806,147650,156625,21393,23079,2218,2225,4511,5483,519,604,143789,155498,119242,128155,17591,19264,596,571,3391,4277,163,183,2806,3048,121675,130768,19127,20918,1412,1526,4199,5164,336,363,28726,28482,25271,25166,1816,1718,546,452,196,198,127,190,770,758,25975,25857,2266,2161,806,699,312,319,183,241,117,4,146,10,1245,8,9,2,54,2,114251,323,11
Lee ,754610,371099,784.51,788.7,473,369372,385238,132623,67893,64730,406093,198648,207445,215894,102831,113063,26050,11548,14502,281222,180020,53146,142424,36221,11853,4616,25743,12309,101202,82873,45200,58517,133342,744456,281222,142105,197027,72954,51148,19172,313900,96769,158844,4755,13214,40318,331682,81570,158266,5161,38817,47868,321134,333817,33287,35224,2120,1672,5758,7513,463,388,6610,6624,327104,339748,37080,39039,3666,3322,7583,9352,913,813,285869,303508,245156,259063,29559,31441,844,778,5409,7219,118,176,4783,4831,249414,263311,32189,34105,1919,1946,6915,8739,455,505,83503,81730,75978,74754,3728,3783,1276,894,349,294,345,212,1827,1793,77690,76437,4891,4934,1747,1376,668,613,458,308,214,14,722,18,2190,376,733,422,4526,5,233165,430,7
Leon ,292502,124136,666.85,413.1,186.2,138642,153860,54472,27747,26725,198875,93804,105071,39155,17091,22064,4223,1465,2758,113390,61334,25544,41661,15488,4861,2026,14812,8030,52056,38160,10333,28245,27368,278125,113390,41568,73376,13076,36715,6588,115510,57539,43017,1151,2635,11168,131518,59632,47511,2511,6913,14951,87801,93173,41617,51012,488,513,5478,5514,110,92,3148,3556,90536,96224,43342,52998,1233,1406,6577,6749,258,266,129333,143922,79891,84918,40757,50008,358,369,5386,5425,69,66,2872,3136,82375,87592,42321,51740,1030,1144,6426,6571,199,212,9309,9938,7910,8255,860,1004,130,144,92,89,41,26,276,420,8161,8632,1021,1258,203,262,151,178,59,54,2,2,84,6,836,877,1947,986,12059,6,130227,274,10
Levy ,40770,20123,1118.21,36.5,18,19903,20867,7956,4113,3843,22711,10949,11762,10103,4841,5262,889,401,488,,,,,,,,,,,,,,,,,,,,,,,,,,,,,,,,,,17377,18141,1829,1996,150,148,137,168,19,18,391,396,17757,18509,1997,2193,322,313,190,217,30,34,18104,19165,15797,16629,1733,1918,108,95,122,156,10,11,334,356,16120,16959,1874,2093,259,246,168,199,19,26,1799,1702,1580,1512,96,78,42,53,15,12,9,7,57,40,1637,1550,123,100,63,67,22,18,11,8,3,0,,1,120,290,653,554,3667,1,19438,80,20
Liberty ,8457,3357,835.56,10,4,5215,3242,1512,801,711,5716,3811,1905,1229,603,626,102,41,61,,,,,,,,,,,,,,,,,,,,,,,,,,,,,,,,,,3733,2780,1332,322,57,44,14,24,1,3,78,69,3806,2845,1380,370,80,63,24,29,3,4,4783,3067,3365,2656,1298,301,41,34,9,16,1,1,69,59,3429,2712,1340,342,63,50,17,21,3,1,432,175,368,124,34,21,16,10,5,8,0,2,9,10,377,133,40,28,17,13,7,8,0,3,0,0,,0,,76,133,49,472,4,3565,21,25
Madison ,18529,8481,695.95,27.6,12.2,9799,8730,3492,1828,1664,11239,6212,5027,3798,1759,2039,416,132,284,,,,,,,,,,,,,,,,,,,,,,,,,,,,,,,,,,5868,5152,3676,3325,79,52,38,53,2,3,136,145,5997,5286,3748,3403,124,107,56,70,11,9,9122,8367,5284,4858,3631,3279,52,42,34,50,1,3,120,135,5397,4982,3693,3351,93,93,52,67,8,9,677,363,584,294,45,46,27,10,4,3,1,0,16,10,600,304,55,52,31,14,4,3,3,0,0,0,,2,180,14,15,9,77,5,9381,55,29
Manatee ,394855,172690,742.93,434.5,232.4,190647,204208,72121,36551,35570,214561,103889,110672,108173,50207,57966,14617,6337,8280,150814,99502,28751,79711,18782,5994,3053,13797,6916,51312,42936,25655,32105,70347,390641,150814,79044,100378,33379,27026,11551,160060,44642,87957,3306,5370,18785,174636,37368,85738,3828,18474,29228,164781,175419,17078,19027,1015,983,4054,4900,197,172,3522,3707,168006,178778,19071,21132,1854,1909,4946,5825,387,374,157161,171618,134294,145705,15703,17650,384,425,3784,4715,112,99,2884,3024,136920,148430,17295,19314,1067,1190,4578,5538,267,264,33486,32590,30487,29714,1375,1377,631,558,270,185,85,73,638,683,31086,30348,1776,1818,787,719,368,287,120,110,155,1,100,12,1536,35,45,24,159,5,121961,244,8
Marion ,359977,164050,1584.55,209.1,103.5,172642,187335,66922,34173,32749,188877,90426,98451,104178,48043,56135,11649,5038,6611,143441,93029,26064,68670,14616,6662,2746,17697,8702,50412,44223,23454,32425,68999,350049,143441,68647,85145,29782,23034,9455,144025,43611,72377,2455,6610,18972,161513,38478,76191,2974,20873,22997,142022,153660,23040,25460,970,904,2847,3634,155,160,3608,3517,145240,156749,25083,27437,2088,2042,3629,4420,366,360,147954,162930,120238,132051,21283,23746,604,567,2735,3541,93,97,3001,2928,122894,134599,22970,25372,1527,1518,3436,4237,262,264,24688,24405,21784,21609,1757,1714,366,337,112,93,62,63,607,589,22346,22150,2113,2065,561,524,193,183,104,96,60,2,46,10,1367,434,900,432,5026,10,115580,364,11
Martin ,160912,78131,543.46,269.2,143.8,79518,81394,26388,13457,12931,84834,43094,41740,49690,22967,26723,8058,3498,4560,63070,38310,11141,30863,8159,1599,576,5848,2406,24760,20791,13320,12626,32538,156961,63070,30971,42221,10470,10229,3054,68455,21621,34464,1315,2797,8258,71168,15013,33429,1885,10544,10297,71254,73793,5006,4243,873,630,1023,1351,162,124,1200,1253,72347,74914,5577,4837,1216,1013,1351,1695,245,209,67441,71038,60789,64693,4550,3853,145,164,955,1295,44,42,958,991,61652,65574,4999,4297,411,468,1244,1596,108,109,12077,10356,10465,9100,456,390,728,466,68,56,118,82,242,262,10695,9340,578,540,805,545,107,99,137,100,62,1,122,6,656,465,727,593,4265,5,61237,117,8
Miami-Dade ,2761581,989435,1897.72,1315.5,521.4,1340718,1420863,558250,283994,274256,1755219,870416,884803,448112,186308,261804,64317,22311,42006,895801,622526,243834,394815,154216,60883,19513,166828,70105,273275,219017,84484,286598,294464,2716712,895801,394147,867387,390839,168538,56817,1103342,437669,499803,24341,26631,114898,1193197,396522,460943,46896,108875,179961,1059558,1117543,238595,257042,4002,3705,21505,24263,642,646,16416,17664,1072424,1131251,249511,268921,6835,6811,27222,30458,2453,2612,421228,433223,184947,174845,205629,224616,1104,1179,19918,22563,311,266,9319,9754,191570,181604,211500,230836,2559,2743,23840,26733,1623,1686,919490,987640,874611,942698,32966,32426,2898,2526,1587,1700,331,380,7097,7910,880854,949647,38011,38085,4276,4068,3382,3725,830,926,68,167,9299,53,8225,235,522,148,2326,0,992522,1437,6
Monroe ,75027,52764,983.28,74.3,53.7,39005,36022,11361,5769,5592,46400,24238,22162,17266,8998,8268,1723,797,926,31362,18944,6277,14074,3134,2085,1538,2785,1605,12418,8749,3543,6671,11278,73083,31362,14259,14982,4605,7875,3656,33852,10512,15936,474,1263,5667,31724,7237,16424,424,2982,4657,34756,32231,2807,2342,198,190,478,592,49,28,717,639,35424,32805,3088,2619,467,426,660,752,87,69,29352,26957,25669,23666,2499,2102,130,130,453,565,39,19,562,475,26190,24092,2706,2287,343,307,613,699,65,50,9653,9065,9087,8565,308,240,68,60,25,27,10,9,155,164,9234,8713,382,332,124,119,47,53,22,19,6,2,220,2,240,386,795,94,1312,4,24391,81,11
Nassau,85832,35009,648.64,113,54,42254,43578,16943,8717,8226,49847,24449,25398,19042,9088,9954,1756,753,1003,32624,23407,8140,18165,5892,1154,386,4088,1862,9217,7446,3679,8943,12265,84957,32624,18332,24878,5241,3882,2111,35272,10025,19047,802,853,4545,36428,7064,19609,1214,3657,4884,38296,39470,2560,2629,223,206,388,491,39,33,748,749,38992,40153,2863,2951,462,434,612,718,78,76,40295,41693,36666,37885,2411,2513,162,153,360,456,34,26,662,660,37283,38483,2675,2787,367,352,571,668,66,66,1959,1885,1630,1585,149,116,61,53,28,35,5,7,86,89,1709,1670,188,164,95,82,41,50,12,10,0,1,30,4,542,107,226,65,1017,1,34276,101,14
Okaloosa ,207269,92407,930.25,194.4,99.3,104997,102272,46083,23487,22596,127997,66394,61603,33189,15116,18073,3614,1397,2217,79570,51819,20753,39512,13413,3459,1765,8848,5575,27751,22252,8589,22782,23709,200992,79570,39363,58214,10282,13563,6035,84179,29846,41554,1307,2036,9436,82900,19051,41622,2721,6206,13300,85489,82653,11501,9938,776,729,2583,4165,207,270,4441,4517,89471,86695,13402,11902,1696,1664,4680,6330,472,524,94838,92338,77212,74402,10672,9249,567,564,2410,3996,158,206,3819,3921,80628,77902,12278,10904,1305,1343,4325,5978,380,429,10159,9934,8277,8251,829,689,209,165,173,169,49,64,622,596,8843,8793,1124,998,391,321,355,352,92,95,0,1,40,8,899,286,575,194,3075,6,86390,222,12
Okeechobee ,41537,18509,768.91,52,24.1,22289,19248,8844,4661,4183,24475,13618,10857,8218,4010,4208,942,437,505,,,,,,,,,,,,,,,,,,,,,,,,,,,,,,,,,,18863,17188,2518,1241,357,290,204,221,30,29,317,279,19156,17446,2700,1403,445,373,257,262,49,46,16207,14757,13173,13004,2389,1152,212,178,186,209,20,20,227,194,13382,13180,2519,1252,272,244,227,243,35,32,6082,4491,5690,4184,129,89,145,112,18,12,10,9,90,85,5774,4266,181,151,173,129,30,19,14,14,14,0,,1,180,82,125,67,415,7,14331,53,13
Orange ,1380645,487839,903.43,1268.5,540,677345,703300,305917,156078,149839,909908,449158,460750,164820,72109,92711,19063,6785,12278,458157,298508,128670,209358,83018,26228,10022,62922,35630,159649,118427,33703,143617,110232,1348468,458157,209280,413768,145807,121456,34598,547119,230391,241504,9918,8528,56778,578840,214161,234618,16701,39033,74327,466308,474063,150500,162923,3973,3859,36514,42244,1512,1260,18538,18951,481795,489759,161940,174711,7786,7816,43021,48975,2936,2698,457646,476635,273628,275110,133895,145485,1402,1503,35101,40688,869,700,12751,13149,283885,285557,141392,153279,3704,3953,40277,46069,1976,1866,219699,226665,192680,198953,16605,17438,2571,2356,1413,1556,643,560,5787,5802,197910,204202,20548,21432,4082,3863,2744,2906,960,832,42,8,289,40,4962,1572,3219,2500,23824,15,482253,824,7
Osceola ,367990,128170,1327.45,202.4,96.6,181463,186527,89835,46107,43728,229550,113764,115786,48605,21592,27013,4736,1800,2936,102705,72198,30942,51238,20252,6355,2587,14605,8103,30507,24338,7267,35116,29796,366335,102705,50800,137127,49418,26285,7487,143338,62931,61687,2685,3064,12971,150529,54104,58423,4537,9768,23697,144104,147995,25440,25539,1547,1452,4953,5714,441,505,4978,5322,148475,152672,28810,29209,2694,2713,6183,7007,755,814,80967,83578,55907,57356,17487,17693,372,357,4534,5247,171,278,2496,2647,57980,59540,19057,19381,870,922,5342,6081,372,486,100496,102949,88197,90639,7953,7846,1175,1095,419,467,270,227,2482,2675,90495,93132,9753,9828,1824,1791,841,926,383,328,23,3,170,8,949,395,741,873,4977,4,98652,206,8
Palm Beach ,1485941,664594,1969.76,670.2,337.4,720762,765179,283456,144656,138800,847219,418617,428602,355266,157489,197777,63211,26555,36656,552286,337212,113133,251759,75414,24236,10030,61217,27689,215074,178061,100477,127106,236637,1464853,552286,252008,420578,135380,104601,35129,600838,219805,286087,9833,21510,63603,651665,191710,282319,13005,75454,89177,541173,570919,140045,152717,4986,3729,20352,23199,857,766,13349,13849,552162,582183,148170,161202,7719,6656,25021,28085,2126,2078,550036,595335,387015,416621,131987,144322,1209,1201,19591,22469,338,339,9896,10383,394842,424706,137834,150486,3051,3222,23444,26533,1415,1474,170726,169844,154158,154298,8058,8395,3777,2528,761,730,519,427,3453,3466,157320,157477,10336,10716,4668,3434,1577,1552,711,604,892,30,1919,45,5313,1628,3335,1974,25414,9,483715,775,6
Pasco ,539630,228928,746.89,622.2,306.5,262406,277224,109651,55952,53699,307874,150555,157319,122105,55899,66206,14844,6008,8836,205128,131802,48809,100333,34169,7828,3920,23641,10720,73326,60258,31336,55659,81862,531196,205128,100552,150715,41075,33726,15159,216333,67758,108663,3652,9980,26280,233102,54741,111721,3491,28822,34327,230849,243651,17322,17571,1335,1243,6432,8151,278,284,6190,6324,236574,249503,20401,20775,2935,2924,8516,10248,565,556,220269,234149,193235,205187,14940,15142,746,735,6169,7846,160,165,5019,5074,197863,209855,17362,17613,1962,2020,8011,9680,390,388,42137,43075,37614,38464,2382,2429,589,508,263,305,118,119,1171,1250,38711,39648,3039,3162,973,904,505,568,175,168,194,4,156,17,2068,542,903,847,7158,5,101424,273,6
Pinellas ,975280,503634,273.8,3347.5,1839.4,467828,507452,157672,80316,77356,575967,279993,295974,241641,107519,134122,36697,13822,22875,405892,221744,66531,159906,38091,15365,5738,46473,22702,184148,150498,73628,77574,165617,955780,405892,159759,236430,78167,75532,31184,401340,140177,176812,6380,17283,60688,443651,121599,171772,8962,57782,83536,387744,417960,50998,56795,1912,1867,15987,19043,565,573,10622,11214,397493,428166,56540,62663,4517,4670,19596,22901,1051,1110,419729,457959,345494,374540,48229,53779,1099,1115,15551,18581,390,425,8966,9519,353671,383134,52749,58592,3205,3410,18812,22072,814,899,48099,49493,42250,43420,2769,3016,813,752,436,462,175,148,1656,1695,43822,45032,3791,4071,1312,1260,784,829,237,211,581,26,1277,64,7341,1355,2776,1381,16211,8,330099,618,7
Polk ,708009,281214,1797.84,334.9,156.4,346929,361080,156487,80214,76273,408380,200892,207488,143142,65823,77319,16058,6743,9315,241171,166438,60590,117527,37304,14398,7474,34513,15812,74733,59183,31331,70669,94821,695777,241171,117437,206453,77506,53210,19012,280658,101289,133161,5241,10314,30653,297808,90137,126328,8516,33719,39108,274303,284433,55496,58658,2484,2241,6209,7528,404,376,8033,7844,281625,291516,60632,63653,4563,4331,7974,9295,837,816,262175,278605,199185,211098,50301,53294,956,978,5879,7222,176,189,5678,5824,204253,216246,53837,56892,2313,2452,7299,8690,519,558,84754,82475,75118,73335,5195,5364,1528,1263,330,306,228,187,2355,2020,77372,75270,6795,6761,2250,1879,675,605,318,258,179,3,195,24,3046,792,1248,1176,7643,10,244720,676,11
Putnam ,74163,37337,727.62,102.2,51.3,36699,37464,15875,8188,7687,41084,20290,20794,17204,8221,8983,1857,776,1081,27927,17301,5173,12507,3196,1161,443,3633,1534,10626,8572,4305,6106,12512,72928,27927,12253,22734,5487,4527,2250,29600,9338,13678,579,1337,4668,31457,7860,14443,659,2814,5681,29695,29903,5798,6348,291,242,227,267,45,56,643,648,30296,30510,6148,6694,517,479,310,353,74,84,32787,33798,26261,26610,5578,6173,180,155,206,252,22,43,540,565,26766,27136,5866,6462,373,372,277,328,47,69,3912,3666,3434,3293,220,175,111,87,21,15,23,13,103,83,3530,3374,282,232,144,107,33,25,27,15,2,0,,3,337,125,181,82,652,2,30972,136,18
St. Johns ,254261,89830,600.66,316.4,149.6,124017,130244,55165,28120,27045,147616,71997,75619,51480,23900,27580,5574,2210,3364,90109,63627,24854,53843,19475,2742,1816,7042,3563,26482,21766,11345,26172,33218,251862,90109,53954,78802,14104,14893,4373,101284,26909,58342,802,3388,11843,107948,25028,57393,728,9534,15265,110091,115646,6905,7177,440,363,3834,4276,125,93,2622,2689,112546,118143,7957,8269,1060,992,4946,5435,256,236,114760,121187,101810,107528,6512,6769,309,276,3739,4179,99,76,2291,2359,103952,109719,7402,7686,822,799,4770,5256,210,206,9257,9057,8281,8118,393,408,131,87,95,97,26,17,331,330,8594,8424,555,583,238,193,176,179,46,30,7,1,21,8,750,231,646,156,2722,4,67058,156,10
St. Lucie ,321128,137029,571.93,485.7,239.6,156975,164153,63294,32915,30379,180331,88021,92310,77503,36039,41464,9805,4200,5605,118768,81576,28737,59732,18421,5316,2063,16528,8253,37192,29381,15447,34776,51626,318476,118768,59453,93327,25252,21676,7797,130004,40881,67797,1438,4735,15153,139001,33560,64954,3138,17095,20254,116939,120876,32618,34792,926,879,2674,3689,169,176,3649,3741,120014,123992,35027,37267,1789,1838,3671,4704,445,463,125407,132944,88839,93197,30736,32907,358,310,2502,3542,95,105,2877,2883,91197,95519,32603,34778,1000,1016,3352,4407,334,350,31568,31209,28100,27679,1882,1885,568,569,172,147,74,71,772,858,28817,28473,2424,2489,789,822,319,297,111,113,35,3,122,7,900,350,595,596,4529,3,165091,292,8
Santa Rosa ,179349,64760,1011.6,149.6,64,91404,87945,39352,20195,19157,111352,57790,53562,28645,13419,15226,2533,1015,1518,63891,50566,19345,38697,13033,4455,2381,7414,3931,13325,10284,3677,22071,19224,173741,63891,38911,49212,13676,8051,3296,74902,18436,43915,672,1432,10447,72051,13854,41329,1519,5670,9679,78732,77385,7331,4257,828,746,1411,2449,152,153,2950,2955,81483,80099,8382,5319,1721,1659,2694,3721,313,328,86028,83096,74251,73350,6991,4010,685,600,1340,2344,128,130,2633,2662,76707,75796,7901,4935,1446,1399,2533,3544,278,288,5376,4849,4481,4035,340,247,143,146,71,105,24,23,317,293,4776,4303,481,384,275,260,161,177,35,40,1,1,8,4,410,155,252,163,2115,5,172072,283,7
Sarasota ,426718,228413,555.87,682.6,410.9,203342,223376,60616,31149,29467,209593,100558,109035,156509,71635,84874,24207,10270,13937,183721,112078,24573,90906,15633,5433,2573,15739,6367,71643,58177,37125,28124,102602,421267,183721,90903,87457,29173,30013,12077,177789,47186,97994,1645,8329,22635,200058,35617,98778,2205,29108,34350,186012,204550,9874,10507,680,682,3400,4204,131,133,3245,3300,189034,207589,11525,12156,1601,1669,4414,5204,288,309,183699,203171,168207,186036,9018,9721,368,388,3274,4092,74,70,2758,2864,170772,188671,10380,11107,1124,1236,4183,5010,218,221,19643,20205,17805,18514,856,786,312,294,126,112,57,63,487,436,18262,18918,1145,1049,477,433,231,194,70,88,151,2,112,28,2961,483,1278,574,6611,1,69667,134,7
Seminole ,467832,181307,309.22,1367,586.3,226010,241822,98309,49761,48548,296990,145046,151944,72533,31203,41330,9435,3373,6062,179274,121209,50622,92048,35719,8212,3996,20949,10907,58065,46177,16020,55504,49842,463418,179274,91772,131067,30037,31268,10626,184936,62917,97091,2394,3765,18769,202554,55977,99867,4474,17731,24505,179102,190196,28594,31864,1003,1046,10928,11869,274,294,6109,6553,184623,196119,32029,35585,2383,2524,13215,14297,560,600,176375,188622,135526,143200,25058,28235,476,545,10581,11551,135,160,4599,4931,139605,147570,27527,30900,1420,1574,12488,13585,351,387,49635,53200,43576,46996,3536,3629,527,501,347,318,139,134,1510,1622,45018,48549,4502,4685,963,950,727,712,209,213,10,4,228,15,1781,454,909,584,6566,1,79604,213,8
Sumter ,128754,53026,546.93,170.8,97,64194,64560,9102,4618,4484,45506,24166,21340,74146,35410,38736,5574,2750,2824,62854,40081,4039,36059,2420,1238,322,2784,1297,22773,19783,16140,4769,48118,119344,62854,36141,13309,3332,3708,2429,60333,9665,37933,953,4727,7055,60637,5522,37686,332,10728,6369,56262,59770,6450,3156,311,208,474,754,46,42,651,630,56808,60328,6775,3435,590,498,618,890,108,81,59729,61622,52458,57110,6031,3025,197,164,455,738,33,33,555,552,52922,57594,6308,3263,440,426,580,856,78,68,4465,2938,3804,2660,419,131,114,44,19,16,13,9,96,78,3886,2734,467,172,150,72,38,34,30,13,17,1,18,3,312,101,228,73,951,8,22000,99,11
Suwannee ,44191,19164,688.55,60.3,27.8,22743,21448,9409,4807,4602,25340,13505,11835,9442,4431,5011,1157,429,728,,,,,,,,,,,,,,,,,,,,,,,,,,,,,,,,,,18881,18297,3196,2453,182,148,143,160,19,19,322,371,19172,18646,3358,2634,306,307,199,213,40,32,20417,19518,16827,16540,3085,2393,89,98,128,151,10,11,278,325,17081,16846,3225,2545,196,240,174,200,26,21,2326,1930,2054,1757,111,60,93,50,15,9,9,8,44,46,2091,1800,133,89,110,67,25,13,14,11,0,0,,3,401,63,86,26,444,4,21885,101,24
Taylor ,21623,11004,1043.31,21.6,10.5,11798,9825,4357,2236,2121,12846,7477,5369,4420,2085,2335,429,180,249,,,,,,,,,,,,,,,,,,,,,,,,,,,,,,,,,,8800,7715,2563,1680,114,97,93,90,6,6,222,237,9000,7936,2685,1791,195,203,133,119,15,18,11075,9574,8159,7504,2509,1660,100,85,90,89,6,5,211,231,8348,7720,2625,1766,179,189,127,118,15,17,723,251,641,211,54,20,14,12,3,1,0,1,11,6,652,216,60,25,16,14,6,1,0,1,0,0,,1,120,50,68,24,276,4,11088,64,28
Union ,14940,4508,243.56,63.8,18.5,9623,5317,2902,1492,1410,9801,6937,2864,2237,1194,1043,163,74,89,,,,,,,,,,,,,,,,,,,,,,,,,,,,,,,,,,6607,4491,2765,619,38,41,75,36,6,0,132,130,6730,4617,2858,700,66,77,89,48,16,6,9020,5067,6094,4305,2698,580,32,28,74,35,4,0,118,119,6203,4420,2781,656,57,58,87,46,14,6,603,250,513,186,67,39,6,13,1,1,2,0,14,11,527,197,77,44,9,19,2,2,2,0,0,0,,0,,19,18,9,122,7,3294,22,14
Volusia ,547538,254226,1101.03,449.2,230.9,267217,280321,96836,49477,47359,316969,156625,160344,133733,61115,72618,16979,6658,10321,218423,131946,41611,98799,26756,11237,5096,21910,9759,86477,69838,33216,46591,88636,538003,218423,98655,138829,40911,41185,15840,226714,76640,108619,1837,10561,29057,240868,58338,107519,5730,28833,40448,224745,234635,29929,32412,1302,1290,5145,5843,237,191,5859,5950,230150,240094,33239,35769,3004,3089,6734,7428,514,450,227528,240463,189931,199797,27242,29517,760,773,4895,5544,136,99,4564,4733,194117,204109,29734,32105,2029,2165,6253,6912,355,298,39689,39858,34814,34838,2687,2895,542,517,250,299,101,92,1295,1217,36033,35985,3505,3664,975,924,481,516,159,152,78,3,100,25,3061,773,1516,710,8051,9,172437,425,9
Wakulla ,32461,12804,606.42,50.8,21.1,17327,15134,6945,3572,3373,20430,11275,9155,5086,2480,2606,402,153,249,,,,,,,,,,,,,,,,,,,,,,,,,,,,,,,,,,13903,13093,2790,1463,143,97,96,144,19,11,376,326,14237,13386,2988,1634,276,215,170,203,40,28,16626,14612,13331,12657,2732,1424,125,87,91,139,17,7,330,298,13625,12925,2906,1580,238,195,156,192,36,22,701,522,572,436,58,39,18,10,5,5,2,4,46,28,612,461,82,54,38,20,14,11,4,6,0,0,,1,120,39,62,59,288,4,6972,44,14
Walton ,71375,45132,1037.62,53,43.5,36080,35295,14423,7300,7123,42275,21776,20499,14677,7004,7673,1340,562,778,28770,19893,7984,16773,6404,1337,978,1783,602,8877,7047,4178,9073,10511,69851,28770,16627,17298,3167,3989,2052,28921,6624,16959,393,731,4214,30535,5200,17471,642,2046,5176,32108,31925,2217,1526,308,267,411,577,62,53,974,947,33020,32812,2540,1832,761,705,665,817,94,95,33576,33245,29962,30140,2130,1467,248,230,383,556,25,25,828,827,30744,30917,2395,1722,619,605,613,781,53,56,2504,2050,2146,1785,87,59,60,37,28,21,37,28,146,120,2276,1895,145,110,142,100,52,36,41,39,0,0,,2,277,130,323,31,1050,4,22237,120,22
Washington ,24880,10796,582.8,42.7,18.5,13350,11530,4955,2479,2476,15562,8842,6720,4363,2029,2334,369,159,210,,,,,,,,,,,,,,,,,,,,,,,,,,,,,,,,,,10408,9606,2363,1334,182,157,62,86,17,68,318,279,10661,9851,2548,1478,319,265,114,128,35,92,12817,11142,9982,9310,2321,1287,160,143,60,83,10,66,284,253,10209,9530,2487,1419,283,243,103,120,26,87,533,388,426,296,42,47,22,14,2,3,7,2,34,26,452,321,61,59,36,22,11,8,9,5,0,0,,1,180,31,38,23,237,3,9767,60,24
